id;name;description;price
fdddbcc2-bf32-4c03-bca8-7a182e822a92;Garden capability Soap;Cotton lime and;58145
8e5320ac-6236-4837-918e-540a1c52be15;Montana navigating pricing;Renminbi Denar Savings;37826
c1e5dafb-21cc-4f0b-99ac-4992d1fde2ea;digital granular;Pizza web-readiness;71381
e5c7e4c8-7b30-4faf-8912-d4083b8fe645;Sports Global;GorgeousXX;31045
47a1e375-c00d-4978-bf97-d01d7262891c;Carolina Refined Bedfordshire;feed Grocery;77130
c9ffe7e3-aa91-448f-9d4c-6c4e7386ba6e;Lock;Pennsylvania Account;43604
c1a2b50c-9e8f-4381-a1ea-adc83733155c;Central real-time Investment;MusicXXXXX;8101
5689da8a-9f24-4454-b331-a189aa323c23;bypassing;Synchronised;93426
af189902-43df-4686-ba0e-40f61cfdb1a0;Wyoming Ball;HTTP Customer;53929
38a838cc-a97e-46f1-a340-6ce92f691ae2;human-resource adapter;userXXXXXX;64366
